{"provenance":"Rhino","displayValue":{"vertices":[-7817.33349609375,-6253.34375,0.0,479.89974975585938,-5496.72412109375,0.0,8777.1328125,-4740.10400390625,0.0,-10024.5693359375,4172.83642578125,1830.9210205078125,68.84576416015625,6290.62451171875,915.46051025390625,10162.2607421875,8408.412109375,0.0,8777.1328125,-4740.10400390625,0.0,28253.833984375,-7153.12451171875,0.0,27881.884765625,432.49258422851563,0.0,10162.2607421875,8408.412109375,0.0,27509.9375,8018.10986328125,0.0],"faces":[1,4,1,0,3,1,2,1,4,5,0,8,7,6,0,10,8,9,0,6,9,8],"colors":[],"area":0.0,"volume":0.0,"totalChildrenCount":0,"units":"mm","speckle_type":"Objects.Geometry.Mesh","id":"640a8a80cae7029fd87ae7ecefa3b44b"},"area":0.0,"volume":0.0,"Surfaces":[{"degreeU":1,"degreeV":1,"rational":false,"area":0.0,"pointData":[-7817.33333704864,-6253.34382631912,0.0,1.0,8777.132862340799,-4740.1039937652695,0.0,1.0,-10024.569681208399,4172.83620165119,1830.92099215786,1.0,10162.2612051392,8408.41244567739,0.0,1.0],"countU":2,"countV":2,"knotsU":[0.0,13.221273202090535],"knotsV":[0.0,1.0],"domainU":{"start":0.0,"end":13.221273202090535,"totalChildrenCount":0,"speckle_type":"Objects.Primitive.Interval","id":"a941ff66c44d02a92529cedcf6b8c2ba"},"domainV":{"start":0.0,"end":1.0,"totalChildrenCount":0,"speckle_type":"Objects.Primitive.Interval","id":"9eafd3109e2398b88a09cbbb9068f341"},"closedU":false,"closedV":false,"totalChildrenCount":0,"units":"mm","speckle_type":"Objects.Geometry.Surface","id":"51d598269e6cd237251945b7b87001ef"},{"degreeU":1,"degreeV":1,"rational":false,"area":0.0,"pointData":[8777.132862340799,-4740.1039937652695,0.0,1.0,28253.8330780465,-7153.1245114104195,0.0,1.0,10162.2612051392,8408.41244567739,0.0,1.0,27509.936976892503,8018.10969040916,0.0,1.0],"countU":2,"countV":2,"knotsU":[0.0,15.189461103533999],"knotsV":[0.0,1.0],"domainU":{"start":0.0,"end":15.189461103533999,"totalChildrenCount":0,"speckle_type":"Objects.Primitive.Interval","id":"3c4a1fa47921f37888176e80e814f0a0"},"domainV":{"start":0.0,"end":1.0,"totalChildrenCount":0,"speckle_type":"Objects.Primitive.Interval","id":"9eafd3109e2398b88a09cbbb9068f341"},"closedU":false,"closedV":false,"totalChildrenCount":0,"units":"mm","speckle_type":"Objects.Geometry.Surface","id":"6775982c5c35938579569848d3995275"}],"Curve3D":[{"value":[-7817.33333704864,-6253.34382631912,0.0,-10024.569681208399,4172.83620165119,1830.92099215786],"domain":{"start":0.0,"end":13.221273202090535,"totalChildrenCount":0,"speckle_type":"Objects.Primitive.Interval","id":"a941ff66c44d02a92529cedcf6b8c2ba"},"area":0.0,"length":0.0,"totalChildrenCount":0,"units":"mm","speckle_type":"Objects.Geometry.Line","id":"d8af6e06d792e197649bda79d2dd0c0b"},{"value":[-10024.569681208399,4172.83620165119,1830.92099215786,10162.2612051392,8408.41244567739,0.0],"domain":{"start":0.0,"end":1.0,"totalChildrenCount":0,"speckle_type":"Objects.Primitive.Interval","id":"9eafd3109e2398b88a09cbbb9068f341"},"area":0.0,"length":0.0,"totalChildrenCount":0,"units":"mm","speckle_type":"Objects.Geometry.Line","id":"33acce43a7d6f494c679c8e1b6ec9d65"},{"value":[10162.2612051392,8408.41244567739,0.0,8777.132862340799,-4740.1039937652695,0.0],"domain":{"start":-13.221273202090535,"end":0.0,"totalChildrenCount":0,"speckle_type":"Objects.Primitive.Interval","id":"2969ae698d25f2a45757987e4b9728cb"},"area":0.0,"length":0.0,"totalChildrenCount":0,"units":"mm","speckle_type":"Objects.Geometry.Line","id":"52e516897ea57e79e4790b1df660ff2c"},{"value":[8777.132862340799,-4740.1039937652695,0.0,-7817.33333704864,-6253.34382631912,0.0],"domain":{"start":-1.0,"end":0.0,"totalChildrenCount":0,"speckle_type":"Objects.Primitive.Interval","id":"d3079afdefe927b4a910a81b9381d0b0"},"area":0.0,"length":0.0,"totalChildrenCount":0,"units":"mm","speckle_type":"Objects.Geometry.Line","id":"faeb1d17969fc742f078e4ba147a0eda"},{"value":[10162.2612051392,8408.41244567739,0.0,27509.936976892503,8018.10969040916,0.0],"domain":{"start":0.0,"end":1.0,"totalChildrenCount":0,"speckle_type":"Objects.Primitive.Interval","id":"9eafd3109e2398b88a09cbbb9068f341"},"area":0.0,"length":0.0,"totalChildrenCount":0,"units":"mm","speckle_type":"Objects.Geometry.Line","id":"7d0b06de69947aa8348c828226ccdc39"},{"value":[27509.936976892503,8018.10969040916,0.0,28253.8330780465,-7153.1245114104195,0.0],"domain":{"start":-15.189461103533999,"end":0.0,"totalChildrenCount":0,"speckle_type":"Objects.Primitive.Interval","id":"b1afb5976dfe3cc92e85ad11ca3944e1"},"area":0.0,"length":0.0,"totalChildrenCount":0,"units":"mm","speckle_type":"Objects.Geometry.Line","id":"3b68afbe0cf8ae1c95e5b7ddfb7ab7f8"},{"value":[28253.8330780465,-7153.1245114104195,0.0,8777.132862340799,-4740.1039937652695,0.0],"domain":{"start":-1.0,"end":0.0,"totalChildrenCount":0,"speckle_type":"Objects.Primitive.Interval","id":"d3079afdefe927b4a910a81b9381d0b0"},"area":0.0,"length":0.0,"totalChildrenCount":0,"units":"mm","speckle_type":"Objects.Geometry.Line","id":"0496e383822ae39a4d35d7da005b5eb3"}],"Curve2D":[{"value":[0.0,0.0,0.0,13.221273202090535,0.0,0.0],"domain":{"start":0.0,"end":1.0,"totalChildrenCount":0,"speckle_type":"Objects.Primitive.Interval","id":"9eafd3109e2398b88a09cbbb9068f341"},"area":0.0,"length":0.0,"totalChildrenCount":0,"units":"mm","speckle_type":"Objects.Geometry.Line","id":"0f1c81faf575d6705cda795f23dec148"},{"value":[13.221273202090535,0.0,0.0,13.221273202090535,1.0,0.0],"domain":{"start":0.0,"end":1.0,"totalChildrenCount":0,"speckle_type":"Objects.Primitive.Interval","id":"9eafd3109e2398b88a09cbbb9068f341"},"area":0.0,"length":0.0,"totalChildrenCount":0,"units":"mm","speckle_type":"Objects.Geometry.Line","id":"3607156813af91bbffe13c03047fac77"},{"value":[13.221273202090535,1.0,0.0,0.0,1.0,0.0],"domain":{"start":0.0,"end":1.0,"totalChildrenCount":0,"speckle_type":"Objects.Primitive.Interval","id":"9eafd3109e2398b88a09cbbb9068f341"},"area":0.0,"length":0.0,"totalChildrenCount":0,"units":"mm","speckle_type":"Objects.Geometry.Line","id":"824d7c2e6ea81a68521986960bd7ca0d"},{"value":[0.0,1.0,0.0,0.0,0.0,0.0],"domain":{"start":0.0,"end":1.0,"totalChildrenCount":0,"speckle_type":"Objects.Primitive.Interval","id":"9eafd3109e2398b88a09cbbb9068f341"},"area":0.0,"length":0.0,"totalChildrenCount":0,"units":"mm","speckle_type":"Objects.Geometry.Line","id":"3e615fe804ac909b11129877d930bf83"},{"value":[0.0,0.0,0.0,15.189461103533999,0.0,0.0],"domain":{"start":0.0,"end":1.0,"totalChildrenCount":0,"speckle_type":"Objects.Primitive.Interval","id":"9eafd3109e2398b88a09cbbb9068f341"},"area":0.0,"length":0.0,"totalChildrenCount":0,"units":"mm","speckle_type":"Objects.Geometry.Line","id":"a0d7a18057811489d75f88ae6c216325"},{"value":[15.189461103533999,0.0,0.0,15.189461103533999,1.0,0.0],"domain":{"start":0.0,"end":1.0,"totalChildrenCount":0,"speckle_type":"Objects.Primitive.Interval","id":"9eafd3109e2398b88a09cbbb9068f341"},"area":0.0,"length":0.0,"totalChildrenCount":0,"units":"mm","speckle_type":"Objects.Geometry.Line","id":"f0c7b91f7438191fcd1fab0fe537a57e"},{"value":[15.189461103533999,1.0,0.0,0.0,1.0,0.0],"domain":{"start":0.0,"end":1.0,"totalChildrenCount":0,"speckle_type":"Objects.Primitive.Interval","id":"9eafd3109e2398b88a09cbbb9068f341"},"area":0.0,"length":0.0,"totalChildrenCount":0,"units":"mm","speckle_type":"Objects.Geometry.Line","id":"7979e337b198ab1a1d959ed974eaa39b"},{"value":[0.0,1.0,0.0,0.0,0.0,0.0],"domain":{"start":0.0,"end":1.0,"totalChildrenCount":0,"speckle_type":"Objects.Primitive.Interval","id":"9eafd3109e2398b88a09cbbb9068f341"},"area":0.0,"length":0.0,"totalChildrenCount":0,"units":"mm","speckle_type":"Objects.Geometry.Line","id":"3e615fe804ac909b11129877d930bf83"}],"Vertices":[{"value":[-7817.33333704864,-6253.34382631912,0.0],"totalChildrenCount":0,"units":"mm","speckle_type":"Objects.Geometry.Point","id":"500d89713c8fc07ab236107cad67c655"},{"value":[-10024.569681208399,4172.83620165119,1830.92099215786],"totalChildrenCount":0,"units":"mm","speckle_type":"Objects.Geometry.Point",